{
  "apis": [
    {
      "path": "/rest/usm/v1/users/{user-name}/reset-credentials",
      "method": [
        "PUT"
      ]
    },
    {
      "path": "/rest/plat/smapp/v1/sessions",
      "method": [
        "PUT",
        "DELETE"
      ]
    },
    {
      "path": "/rest/projectmgmt/v1/projects",
      "method": [
        "GET"
      ]
    },
    {
      "path": "/rest/azmgmt/v1/availability-zones",
      "method": [
        "GET"
      ]
    },
    {
      "path": "/rest/hostmgmt/v1/hosts/summary",
      "method": [
        "POST"
      ]
    },
    {
      "path": "/rest/hostmgmt/v1/hosts/{host_id}/initiators",
      "method": [
        "GET"
      ]
    },
    {
      "path": "/rest/hostmgmt/v1/hosts/{host_id}/summary",
      "method": [
        "GET"
      ]
    },
    {
      "path": "/rest/hostmgmt/v1/hostgroups/summary",
      "method": [
        "POST"
      ]
    },
    {
      "path": "/rest/hostmgmt/v1/hostgroups/{hostgroup_id}/hosts/list",
      "method": [
        "POST"
      ]
    },
    {
      "path": "/rest/hostmgmt/v1/hostgroups/{hostgroup_id}/summary",
      "method": [
        "GET"
      ]
    },
    {
      "path": "/rest/taskmgmt/v1/tasks",
      "method": [
        "GET"
      ]
    },
    {
      "path": "/rest/taskmgmt/v1/tasks/{task_id}",
      "method": [
        "GET"
      ]
    },
    {
      "path": "/rest/blockservice/v1/volumes",
      "method": [
        "GET",
        "POST",
        "PUT"
      ]
    },
    {
      "path": "/rest/blockservice/v1/volumes/{volume_id}",
      "method": [
        "GET",
        "PUT"
      ]
    },
    {
      "path": "/rest/blockservice/v1/volumes/expand",
      "method": [
        "POST"
      ]
    },
    {
      "path": "/rest/blockservice/v1/volumes/host-mapping",
      "method": [
        "POST"
      ]
    },
    {
      "path": "/rest/blockservice/v1/volumes/host-unmapping",
      "method": [
        "POST"
      ]
    },
    {
      "path": "/rest/blockservice/v1/volumes/hostgroup-mapping",
      "method": [
        "POST"
      ]
    },
    {
      "path": "/rest/blockservice/v1/volumes/hostgroup-unmapping",
      "method": [
        "POST"
      ]
    },
    {
      "path": "/rest/blockservice/v1/volumes/delete",
      "method": [
        "POST"
      ]
    },
    {
      "path": "/rest/blockservice/v1/volumes/update-service-level",
      "method": [
        "POST"
      ]
    },
    {
      "path": "/rest/blockservice/v1/volumes/add-to-service-level",
      "method": [
        "POST"
      ]
    },
    {
      "path": "/rest/blockservice/v1/volumes/remove-service-level",
      "method": [
        "POST"
      ]
    },
    {
      "path": "/rest/blockservice/v1/projects/{project_id}/volumes/bound",
      "method": [
        "PUT"
      ]
    },
    {
      "path": "/rest/blockservice/v1/projects/{project_id}/volumes/unbound",
      "method": [
        "PUT"
      ]
    },
    {
      "path": "/rest/service-policy/v1/service-levels",
      "method": [
        "GET"
      ]
    },
    {
      "path": "/rest/storagemgmt/v1/storages/refresh",
      "method": [
        "POST"
      ]
    },
    {
      "path": "/rest/storagemgmt/v1/storages",
      "method": [
        "GET"
      ]
    },
    {
      "path": "/rest/storagemgmt/v1/storages/{storage_id}/detail",
      "method": [
        "GET"
      ]
    },
    {
      "path": "/rest/metrics/v1/mgr-svc/obj-types",
      "method": [
        "GET"
      ]
    },
    {
      "path": "/rest/metrics/v1/mgr-svc/obj-types/{obj-type-id}/indicators",
      "method": [
        "GET"
      ]
    },
    {
      "path": "/rest/resourcedb/v1/instances/{className}",
      "method": [
        "GET"
      ]
    },
    {
      "path": "/rest/resourcedb/v1/instances/{className}/{instanceId}",
      "method": [
        "GET"
      ]
    },
    {
      "path": "/rest/resourcedb/v1/relations/{relationName}/instances",
      "method": [
        "GET"
      ]
    },
    {
      "path": "/rest/resourcedb/v1/relations/{relationName}/instances/{instanceId}",
      "method": [
        "GET"
      ]
    },
    {
      "path": "/rest/metrics/v1/mgr-svc/indicators",
      "method": [
        "POST"
      ]
    },
    {
      "path": "/rest/metrics/v1/data-svc/history-data/action/query",
      "method": [
        "POST"
      ]
    },
    {
      "path": "/rest/metrics/v1/datasets/{dataSet}",
      "method": [
        "POST"
      ]
    },
    {
      "path": "/rest/hostmgmt/v1/hostgroups",
      "method": [
        "POST"
      ]
    },
    {
      "path": "/rest/hostmgmt/v1/hostgroups/{hostgroup_id}",
      "method": [
        "DELETE"
      ]
    },
    {
      "path": "/rest/hostmgmt/v1/hostgroups/{hostgroup_id}/general",
      "method": [
        "PUT"
      ]
    },
    {
      "path": "/rest/hostmgmt/v1/hostgroups/{hostgroup_id}/hosts/remove",
      "method": [
        "PUT"
      ]
    },
    {
      "path": "/rest/hostmgmt/v1/hostgroups/{hostgroup_id}/hosts/add",
      "method": [
        "PUT"
      ]
    },
    {
      "path": "/rest/hostmgmt/v1/host-keys",
      "method": [
        "GET","PUT"
      ]
    },
    {
      "path": "/rest/hostmgmt/v1/hosts",
      "method": [
        "POST"
      ]
    },
    {
      "path": "/rest/hostmgmt/v1/hosts/{host_id}",
      "method": [
        "DELETE"
      ]
    },
    {
      "path": "/rest/hostmgmt/v1/hosts/{host_id}/general",
      "method": [
        "PUT"
      ]
    },
    {
      "path": "/rest/hostmgmt/v1/hosts/{host_id}/accessinfo",
      "method": [
        "PUT"
      ]
    },
    {
      "path": "/rest/hostmgmt/v1/hosts/{host_id}/initiators/add",
      "method": [
        "PUT"
      ]
    },
    {
      "path": "/rest/hostmgmt/v1/hosts/{host_id}/initiators/remove",
      "method": [
        "PUT"
      ]
    },
    {
      "path": "/rest/taskmgmt/v1/todo-groups",
      "method": [
        "GET"
      ]
    },
    {
      "path": "/rest/taskmgmt/v1/todo-groups/{group_id}/execute",
      "method": [
        "PUT"
      ]
    },
    {
      "path": "/rest/taskmgmt/v1/todo-groups/{group_id}/confirm",
      "method": [
        "PUT"
      ]
    },
    {
      "path": "/rest/storagemgmt/v1/storagepools/query",
      "method": ["POST"]
    },
    {
      "path": "/rest/storagemgmt/v1/storage-port/logic-ports",
      "method": ["GET"]
    },
    {
      "path": "/rest/storagemgmt/v1/storage-port/logic-ports/{logic_port_id}",
      "method": ["GET"]
    },
    {
      "path": "/rest/storagemgmt/v1/storage-port/bond-ports",
      "method": ["GET"]
    },
    {
      "path": "/rest/storagemgmt/v1/storage-port/bond-port/eth-ports",
      "method": ["GET"]
    },
    {
      "path": "/rest/storagemgmt/v1/storage-port/failover-groups",
      "method": ["GET"]
    },
    {
      "path": "/rest/storagemgmt/v1/storage-port/failover-group/eth-ports",
      "method": ["GET"]
    },
    {
      "path": "/rest/storagemgmt/v1/storage-port/failover-group/bond-ports",
      "method": ["GET"]
    },
    {
      "path": "/rest/storagemgmt/v1/storage-port/failover-group/vlans",
      "method": ["GET"]
    },
    {
      "path": "/rest/storagemgmt/v1/storages/{storage_id}/workloads",
      "method": ["GET"]
    },
    {
      "path": "/rest/blockservice/v1/volumes/customize-volumes",
      "method": ["POST"]
    },
    {
      "path": "/rest/fileservice/v1/filesystems/customize",
      "method": ["POST"]
    },
    {
      "path": "/rest/fileservice/v1/filesystems",
      "method": ["PUT"]
    },
    {
      "path": "/rest/fileservice/v1/filesystems/delete",
      "method": ["POST"]
    },
    {
      "path": "/rest/fileservice/v1/filesystems/query",
      "method": ["POST"]
    },
    {
      "path": "/rest/fileservice/v1/filesystems/{file_system_id}",
      "method": ["GET","PUT"]
    },
    {
      "path": "/rest/fileservice/v1/nfs-shares",
      "method": ["POST"]
    },
    {
      "path": "/rest/fileservice/v1/nfs-shares/delete",
      "method": ["POST"]
    },
    {
      "path": "/rest/fileservice/v1/nfs-shares/summary",
      "method": ["POST"]
    },
    {
      "path": "/rest/fileservice/v1/nfs-shares/{nfs_share_id}",
      "method": ["GET","PUT"]
    },
    {
      "path": "/rest/fileservice/v1/nfs-shares/{nfs_share_id}/auth_clients",
      "method": ["POST"]
    },
    {
      "path": "/rest/fileservice/v1/dtrees",
      "method": ["POST"]
    },
    {
      "path": "/rest/fileservice/v1/dtrees/delete",
      "method": ["POST"]
    },
    {
      "path": "/rest/fileservice/v1/dtrees/summary",
      "method": ["POST"]
    },
    {
      "path": "/rest/fileservice/v1/dtrees/{dtree_id}",
      "method": ["GET","PUT"]
    },
    {
      "path": "/rest/fileservice/v1/dtrees/{dtree_id}/quotas",
      "method": ["POST"]
    }
  ]
}
